Domain,Status,Attractiveness,Demand,Length,Sectors,Created,Expires,Registrar
one.rentals,expired,132,44%,3,"Business,General,Media,Technology",23/06/2024 08:51,23/06/2025 08:51,Porkbun LLC
brief.rentals,available,124,19%,5,"Business,Education,General,Law",,,
complete.rentals,available,120,21%,8,"Manufacturing,Retail,Technology",,,
second.rentals,available,120,23%,6,"General,Mathematics",,,
equal.rentals,available,116,19%,5,"Education,General,Law",,,
tenth.rentals,available,116,7%,5,Mathematics,,,
flat.rentals,available,116,24%,4,"Construction,Real Estate",,,
tonic.rentals,available,114,22%,5,"Health and Fitness,Medicine,Science",,,
acute.rentals,available,112,9%,5,"Mathematics,Medicine,Science",,,
above.rentals,available,112,22%,5,Business,,,
abstract.rentals,available,108,29%,8,"Arts,Humanities,Science",,,
abiding.rentals,available,106,5%,7,"General,Religion",,,
active.rentals,resell,104,27%,6,"Health and Fitness,Sports,Travel",23/09/2015 23:50,23/09/2025 23:50,GoDaddy Online Services Cayman Islands Ltd.
teen.rentals,available,104,14%,4,"Education,Entertainment,Healthcare",,,
captive.rentals,available,102,14%,7,"Entertainment,Hospitality,Technology",,,
absent.rentals,available,102,8%,6,"Business,Education,Technology",,,
extra.rentals,resell,102,26%,5,"Fashion,Retail,Technology",14/04/2024 23:27,14/04/2026 23:27,"NameCheap, Inc."
eight.rentals,available,102,23%,5,"General,Mathematics",,,
whiz.rentals,available,100,12%,4,"Business,Education,Technology",,,
abrupt.rentals,available,100,3%,6,"Medicine,Science",,,
sixth.rentals,available,100,8%,5,Mathematics,,,
remove.rentals,available,100,13%,6,"Construction,Manufacturing,Technology",,,
adjunct.rentals,available,100,5%,7,Education,,,
ninth.rentals,available,100,9%,5,Mathematics,,,
crack.rentals,available,100,20%,5,Sports,,,
third.rentals,available,100,16%,5,Mathematics,,,
eighth.rentals,available,100,6%,6,Mathematics,,,
alamode.rentals,available,96,12%,9,Fashion,,,
forgiving.rentals,available,96,3%,9,"Healthcare,Religion",,,
actual.rentals,available,96,22%,6,"Real Estate,Retail,Technology",,,
doable.rentals,available,96,9%,6,"Business,Education,Technology",,,
academic.rentals,available,96,20%,8,"Education,Humanities,Science",,,
about.rentals,available,94,28%,5,"Business,General,Media,Technology",,,
virtuoso.rentals,available,94,16%,8,"Arts,Entertainment",,,
abject.rentals,available,94,7%,6,Humanities,,,
around.rentals,available,94,22%,6,"Business,General,Media,Technology",,,
adequate.rentals,available,94,9%,8,"Education,Healthcare,Technology",,,
derelict.rentals,available,92,7%,8,"Construction,Real Estate",,,
adjective.rentals,available,92,5%,9,Education,,,
exemplary.rentals,available,92,5%,9,"Business,Education,Healthcare",,,
next.rentals,available,92,43%,4,"Retail,Technology,Transportation",,,
nought.rentals,available,92,4%,6,Mathematics,,,
abroad.rentals,available,92,12%,6,"Hospitality,Travel",,,
adept.rentals,available,92,24%,5,"Education,Health and Fitness,Sports",,,
neutral.rentals,available,92,20%,7,"Business,Media,Politics",,,
twentieth.rentals,available,92,3%,9,Mathematics,,,
adoring.rentals,available,90,2%,7,"Entertainment,Fashion,Retail",,,
endearing.rentals,available,90,1%,9,"Entertainment,Fashion,Retail",,,
abortive.rentals,available,90,1%,8,"Medicine,Science",,,
additional.rentals,available,90,8%,10,"Fashion,Retail,Technology",,,
gripping.rentals,available,90,3%,8,"Entertainment,Media,Technology",,,
riveting.rentals,available,90,6%,8,"Entertainment,Media,Technology",,,
leash.rentals,available,90,7%,5,"General,Health and Fitness,Retail",,,
addictive.rentals,available,90,9%,9,Healthcare,,,
activist.rentals,available,88,12%,8,"Humanities,Politics",,,
ace.rentals,available,88,34%,3,Sports,,,
fifteen.rentals,available,88,13%,7,Mathematics,,,
actionable.rentals,available,88,13%,10,"Business,Law",,,
wide.rentals,available,88,18%,4,"Business,Media,Technology",,,
hundred.rentals,available,88,14%,7,Mathematics,,,
twelve.rentals,available,88,18%,6,"General,Mathematics",,,
adlib.rentals,available,88,7%,6,Entertainment,,,
ten.rentals,available,88,28%,3,"General,Mathematics",,,
eleven.rentals,available,88,33%,6,Mathematics,,,
proficient.rentals,available,88,8%,10,"Education,Health and Fitness,Sports",,,
intent.rentals,available,86,25%,6,"Business,Education,Technology",,,
attendant.rentals,available,86,5%,9,"Healthcare,Hospitality,Transportation",,,
engrossing.rentals,available,86,0%,10,"Entertainment,Media,Technology",,,
extempore.rentals,available,86,3%,9,Entertainment,,,
recondite.rentals,available,86,4%,9,"Arts,Humanities,Science",,,
aboriginal.rentals,available,86,10%,10,Humanities,,,
cipher.rentals,available,86,29%,6,Mathematics,,,
adolescent.rentals,available,86,3%,10,"Education,Entertainment,Healthcare",,,
xix.rentals,available,86,11%,3,Mathematics,,,
xiv.rentals,available,86,12%,3,Mathematics,,,
accessory.rentals,available,84,8%,9,"Fashion,Retail,Technology",,,
seventeen.rentals,available,84,7%,9,Mathematics,,,
thousand.rentals,available,84,8%,8,Mathematics,,,
deviate.rentals,available,84,12%,7,"Medicine,Science",,,
twentyone.rentals,available,84,13%,10,Mathematics,,,
acting.rentals,available,84,12%,6,Entertainment,,,
grand.rentals,available,84,25%,5,"Finance,General",,,
thirteen.rentals,available,84,10%,8,Mathematics,,,
adjustable.rentals,available,84,3%,10,"Manufacturing,Retail,Technology",,,
twentytwo.rentals,available,84,11%,10,Mathematics,,,
nineteen.rentals,available,84,8%,8,Mathematics,,,
fourteen.rentals,available,84,8%,8,Mathematics,,,
cleansing.rentals,available,82,3%,9,Health and Fitness,,,
absorbent.rentals,available,82,3%,9,"Healthcare,Manufacturing,Retail",,,
abdominal.rentals,available,82,1%,9,"Health and Fitness,Medicine",,,
abkhaz.rentals,available,82,1%,6,Geography,,,
fivesome.rentals,available,82,1%,8,Sports,,,
altered.rentals,available,82,9%,7,"Medicine,Science",,,
abenaki.rentals,available,82,2%,7,Geography,,,
good.rentals,resell,82,47%,4,"Food and Beverage,General,Health and Fitness,Retail",03/04/2025 15:15,03/04/2026 15:15,"Sav.com, LLC - 33"
decade.rentals,available,82,10%,6,Mathematics,,,
abroach.rentals,available,82,1%,7,Food and Beverage,,,
enduring.rentals,available,82,9%,8,"Health and Fitness,Religion",,,
impromptu.rentals,available,82,16%,9,Entertainment,,,
dozen.rentals,available,82,10%,5,Mathematics,,,
abundant.rentals,available,80,19%,8,"Agriculture,Manufacturing,Retail",,,
absorbable.rentals,available,80,0%,10,"Healthcare,Pharmaceuticals,Science",,,
yard.rentals,available,80,26%,4,"Construction,General",,,
seventh.rentals,available,80,10%,7,Mathematics,,,
two.rentals,available,80,24%,3,Mathematics,,,
trio.rentals,available,80,21%,4,Entertainment,,,
superstar.rentals,available,80,18%,9,Entertainment,,,
worshipful.rentals,available,80,1%,10,"Education,Healthcare,Religion",,,
some.rentals,available,80,32%,4,"Business,Media,Retail",,,
wiz.rentals,available,80,30%,3,"Business,Education,Technology",,,
twenty.rentals,available,80,12%,6,Mathematics,,,
absolute.rentals,available,80,25%,8,"Engineering,Mathematics,Science",,,
first.rentals,available,80,36%,5,"General,Mathematics",,,
nine.rentals,available,80,24%,4,"General,Mathematics",,,
sequent.rentals,available,80,7%,7,"Healthcare,Insurance,Transportation",,,
capable.rentals,available,80,12%,7,"Business,Education,Technology",,,
adoptable.rentals,available,80,3%,9,"Education,Healthcare",,,
dorsal.rentals,available,80,6%,6,"Medicine,Science",,,
forty.rentals,available,80,9%,5,Mathematics,,,
absurd.rentals,available,80,16%,6,"Arts,Entertainment,Media",,,
accidental.rentals,available,78,11%,10,"Healthcare,Insurance,Transportation",,,
adrenal.rentals,available,78,4%,7,"Education,Healthcare,Science",,,
sixtynine.rentals,available,78,8%,10,Mathematics,,,
acceptant.rentals,available,78,1%,9,"Education,Healthcare",,,
twentysix.rentals,available,78,8%,10,Mathematics,,,
athletic.rentals,available,78,15%,8,"Health and Fitness,Sports",,,
accurate.rentals,available,78,16%,8,"Engineering,Mathematics,Science",,,
abounding.rentals,available,78,2%,9,Agriculture,,,
recognized.rentals,available,78,3%,10,"Business,Education,Technology",,,
absorptive.rentals,available,78,1%,10,"Healthcare,Manufacturing,Retail",,,
low.rentals,available,78,20%,3,"Business,Finance",,,
dormant.rentals,available,78,4%,7,"Medicine,Science",,,
abkhasian.rentals,available,78,1%,9,Geography,,,
adjacent.rentals,available,78,9%,8,"Construction,Real Estate,Retail",,,
recognised.rentals,available,78,3%,10,"Business,Education,Technology",,,
acceptable.rentals,available,78,5%,10,"Business,Hospitality,Retail",,,
honestly.rentals,available,78,9%,8,"Business,Law",,,
accepted.rentals,available,78,6%,8,"Business,Education,Technology",,,
abkhazian.rentals,available,78,1%,9,Geography,,,
ague.rentals,available,76,2%,4,"Geography,Medicine,Science",,,
obscene.rentals,available,76,5%,7,"Entertainment,Media",,,
ancillary.rentals,available,76,6%,9,"Healthcare,Manufacturing,Technology",,,
adipose.rentals,available,76,2%,7,"Healthcare,Science",,,
eighteen.rentals,available,76,7%,8,Mathematics,,,
adaptive.rentals,available,76,28%,8,"Business,Education,Technology",,,
auxiliary.rentals,available,76,7%,9,"Healthcare,Manufacturing,Technology",,,
adherent.rentals,available,76,4%,8,"Politics,Religion",,,
ventral.rentals,available,76,3%,7,Science,,,
adhesive.rentals,available,76,7%,8,"Construction,Manufacturing,Technology",,,
thirteenth.rentals,available,76,4%,10,Mathematics,,,
addable.rentals,available,76,2%,7,"Engineering,Mathematics,Science",,,
hundredth.rentals,available,76,1%,9,Mathematics,,,
abrasive.rentals,available,76,6%,8,"Construction,Manufacturing",,,
resultant.rentals,available,76,2%,9,"Healthcare,Insurance,Transportation",,,
energizing.rentals,available,76,3%,10,"Food and Beverage,Health and Fitness,Travel",,,
acoustic.rentals,available,76,14%,8,Science,,,
incidental.rentals,available,76,4%,10,"Healthcare,Insurance,Transportation",,,
fourteenth.rentals,available,76,1%,10,Mathematics,,,
adaptable.rentals,available,76,9%,9,"Business,Education,Technology",,,
fifteenth.rentals,available,76,2%,9,Mathematics,,,
improvise.rentals,available,76,4%,9,Entertainment,,,
nineteenth.rentals,available,76,3%,10,Mathematics,,,
thousandth.rentals,available,76,1%,10,Mathematics,,,
threed.rentals,available,76,7%,7,Technology,,,
diamond.rentals,available,76,32%,7,Fashion,,,
abnormal.rentals,available,74,16%,8,"Medicine,Science",,,
achievable.rentals,available,74,4%,10,"Business,Education,Technology",,,
playing.rentals,available,74,12%,7,Entertainment,,,
mavin.rentals,available,74,7%,5,"Entertainment,Fashion,Technology",,,
acuate.rentals,available,74,2%,6,"Engineering,Medicine,Science",,,
admirable.rentals,available,74,5%,9,"Business,Education,Healthcare",,,
cleared.rentals,available,74,7%,7,"Healthcare,Law,Transportation",,,
adapted.rentals,available,74,6%,7,"Healthcare,Manufacturing,Technology",,,
activated.rentals,available,74,9%,9,"Healthcare,Manufacturing,Technology",,,
adenoid.rentals,available,74,1%,7,"Health and Fitness,Medicine,Science",,,
adamant.rentals,available,74,14%,7,Religion,,,
skilful.rentals,available,74,3%,7,"Education,Health and Fitness,Sports",,,
aberrant.rentals,available,74,6%,8,"Medicine,Science",,,
supra.rentals,available,74,25%,5,"Medicine,Science",,,
sensation.rentals,available,74,7%,9,"Entertainment,Media,Sports",,,
adrenergic.rentals,available,74,1%,10,"Education,Healthcare,Science",,,
manageable.rentals,available,74,4%,10,"Business,Education,Technology",,,
accepting.rentals,available,74,3%,9,"Education,Healthcare",,,
realizable.rentals,available,74,1%,10,"Business,Education,Technology",,,
broad.rentals,available,74,13%,5,"Entertainment,General,Media",,,
abloom.rentals,available,72,5%,6,Agriculture,,,
ternary.rentals,available,72,7%,7,Mathematics,,,
trinity.rentals,available,72,18%,7,Religion,,,
champion.rentals,available,72,28%,8,"Entertainment,Health and Fitness,Sports",,,
abreast.rentals,available,72,2%,7,"Business,Technology",,,
addicted.rentals,available,72,9%,8,Healthcare,,,
deep.rentals,available,72,41%,4,"Engineering,Mathematics,Science",,,
existent.rentals,available,72,3%,8,"Mathematics,Science",,,
seventieth.rentals,available,72,1%,10,Mathematics,,,
accusative.rentals,available,72,0%,10,"Humanities,Law",,,
adonic.rentals,available,72,2%,6,"Arts,Education,Entertainment",,,
absorbed.rentals,available,72,2%,8,"Entertainment,Media,Technology",,,
eightieth.rentals,available,72,1%,9,Mathematics,,,
adjunctive.rentals,available,72,1%,10,"Healthcare,Manufacturing,Technology",,,
ninetieth.rentals,available,72,1%,9,Mathematics,,,
adjectival.rentals,available,72,1%,10,Education,,,
engrossed.rentals,available,72,1%,9,"Entertainment,Media,Technology",,,
trey.rentals,available,72,14%,4,Sports,,,
improvize.rentals,available,72,1%,9,Entertainment,,,
accustomed.rentals,available,72,1%,10,"Business,Education,Humanities",,,
absolutist.rentals,available,72,1%,10,"Humanities,Law,Politics",,,
adaptative.rentals,available,72,1%,10,"Business,Education,Technology",,,
aching.rentals,available,72,4%,6,Healthcare,,,
sixtieth.rentals,available,72,1%,8,Mathematics,,,
adiabatic.rentals,available,72,3%,9,"Engineering,Science",,,
ablaze.rentals,available,72,6%,6,Entertainment,,,
gymnastic.rentals,available,70,3%,9,"Entertainment,Sports",,,
acuminate.rentals,available,70,1%,9,"Engineering,Medicine,Science",,,
miserable.rentals,available,70,4%,9,Humanities,,,
skillful.rentals,available,70,9%,8,"Education,Health and Fitness,Sports",,,
lowdown.rentals,available,70,6%,8,"Entertainment,Media",,,
adjusted.rentals,available,70,5%,8,"Manufacturing,Retail,Technology",,,
accumbent.rentals,available,70,1%,9,"Healthcare,Medicine,Science",,,
absorbing.rentals,available,70,3%,9,"Entertainment,Media,Technology",,,
consequent.rentals,available,70,3%,10,"Business,Education,General,Technology",,,
tiptop.rentals,available,70,24%,6,Fashion,,,
abradant.rentals,available,70,1%,8,"Construction,Manufacturing",,,
practiced.rentals,available,70,3%,9,"Education,Health and Fitness,Sports",,,
offhand.rentals,available,70,2%,7,Entertainment,,,
abulic.rentals,available,70,1%,6,Medicine,,,
adamantine.rentals,available,70,4%,10,Religion,,,
stillborn.rentals,available,70,2%,9,"Medicine,Science",,,
recumbent.rentals,available,70,2%,9,"Healthcare,Medicine,Science",,,
admired.rentals,available,70,5%,7,"Business,Education,Healthcare",,,
adored.rentals,available,70,6%,6,"Entertainment,Fashion,Retail",,,
achaean.rentals,available,68,2%,7,Humanities,,,
fortieth.rentals,available,68,0%,8,Mathematics,,,
fiftieth.rentals,available,68,0%,8,Mathematics,,,
sevener.rentals,available,68,1%,7,Mathematics,,,
stygian.rentals,available,68,5%,7,Humanities,,,
thirtieth.rentals,available,68,1%,9,Mathematics,,,
abkhas.rentals,available,68,0%,6,Geography,,,
licensed.rentals,available,68,5%,8,"Business,Healthcare,Insurance",,,
ennead.rentals,available,68,5%,6,Mathematics,,,
foursome.rentals,available,68,4%,8,Sports,,,
achaian.rentals,available,68,2%,7,Humanities,,,
abducent.rentals,available,68,0%,8,Medicine,,,
disciple.rentals,available,68,14%,8,"Education,Religion",,,
threesome.rentals,available,68,5%,9,Entertainment,,,
scurvy.rentals,available,68,3%,6,Humanities,,,
aroused.rentals,available,68,3%,7,"Entertainment,Health and Fitness",,,
overseas.rentals,available,68,12%,8,"Hospitality,Travel",,,
aberdonian.rentals,available,68,1%,10,Geography,,,
licenced.rentals,available,68,2%,8,"Business,Healthcare,Insurance",,,
decorated.rentals,available,68,3%,9,"Entertainment,Fashion,Retail",,,
abnaki.rentals,available,68,1%,6,Geography,,,
activating.rentals,available,68,3%,10,"Healthcare,Manufacturing,Technology",,,
acerate.rentals,available,68,1%,7,Science,,,
septenary.rentals,available,68,1%,9,Mathematics,,,
octonary.rentals,available,68,1%,8,Mathematics,,,
accredited.rentals,available,68,9%,10,"Business,Education,Healthcare",,,
aculeate.rentals,available,68,1%,8,"Engineering,Medicine,Science",,,
vindicated.rentals,available,68,2%,10,"Humanities,Law,Politics",,,
ablative.rentals,available,68,3%,8,Science,,,
ane.rentals,available,68,12%,3,Mathematics,,,
ninety.rentals,available,66,11%,6,Mathematics,,,
onec.rentals,available,66,6%,5,Mathematics,,,
modish.rentals,available,66,5%,6,Fashion,,,
tenner.rentals,available,66,5%,6,Finance,,,
acappella.rentals,available,66,6%,10,Entertainment,,,
sextet.rentals,available,66,1%,6,Entertainment,,,
abstinent.rentals,available,66,1%,9,"Health and Fitness,Religion",,,
deuce.rentals,available,66,9%,5,Sports,,,
acrobatic.rentals,available,66,4%,9,"Entertainment,Sports",,,
exonerated.rentals,available,66,2%,10,"Humanities,Law,Politics",,,
xxvi.rentals,available,66,3%,4,Mathematics,,,
xvi.rentals,available,66,5%,3,Mathematics,,,
fifty.rentals,available,66,12%,5,Mathematics,,,
adopted.rentals,available,66,4%,7,"Education,Healthcare",,,
four.rentals,available,66,27%,4,Mathematics,,,
eighty.rentals,available,66,6%,6,Mathematics,,,
six.rentals,available,66,26%,3,Mathematics,,,
xiii.rentals,available,66,9%,4,Mathematics,,,
xxii.rentals,available,66,6%,4,Mathematics,,,
buzzing.rentals,available,66,7%,7,"Entertainment,Media,Technology",,,
five.rentals,available,66,26%,4,Mathematics,,,
xxi.rentals,available,66,10%,3,Mathematics,,,
xvii.rentals,available,66,5%,4,Mathematics,,,
acervate.rentals,available,66,1%,8,Science,,,
xii.rentals,available,66,10%,3,Mathematics,,,
performing.rentals,available,66,6%,10,Entertainment,,,
latest.rentals,available,66,18%,6,Technology,,,
teenager.rentals,available,66,4%,8,"Education,Entertainment,Healthcare",,,
according.rentals,available,66,3%,9,"Business,Education,Technology",,,
xxv.rentals,available,66,6%,3,Mathematics,,,
adorned.rentals,available,66,5%,7,"Entertainment,Fashion,Retail",,,
accessary.rentals,available,66,1%,9,"Business,Law,Technology",,,
thirty.rentals,available,66,8%,6,Mathematics,,,
xviii.rentals,available,66,5%,5,Mathematics,,,
nondrinker.rentals,available,64,1%,10,"Health and Fitness,Religion",,,
accordant.rentals,available,64,3%,9,"Arts,Entertainment",,,
astringent.rentals,available,64,1%,10,"Healthcare,Pharmaceuticals",,,
absolved.rentals,available,64,1%,8,"Humanities,Law,Religion",,,
aflame.rentals,available,64,3%,6,Entertainment,,,
adagio.rentals,available,64,14%,6,Entertainment,,,
acentric.rentals,available,64,2%,8,Science,,,
scatty.rentals,available,64,1%,6,"Arts,Entertainment,Media",,,
rising.rentals,available,64,18%,6,"Construction,Manufacturing,Real Estate",,,
deviant.rentals,available,64,12%,7,"Medicine,Science",,,
orso.rentals,available,62,9%,5,"Business,Media,Technology",,,
twodozen.rentals,available,62,1%,9,Mathematics,,,
ensuant.rentals,available,62,1%,7,"Healthcare,Insurance,Transportation",,,
eighteenth.rentals,available,62,1%,10,Mathematics,,,
activation.rentals,available,62,16%,10,"Healthcare,Manufacturing,Technology",,,
adoptive.rentals,available,62,1%,8,"Education,Healthcare",,,
sixteenth.rentals,available,62,1%,9,Mathematics,,,
accrued.rentals,available,62,2%,7,"Banking,Finance,Insurance",,,
nail.rentals,available,62,16%,4,"Construction,Fashion,General,Retail",,,
chiliad.rentals,available,62,2%,7,Mathematics,,,
acidic.rentals,available,62,5%,6,"Food and Beverage,Science",,,
activistic.rentals,available,62,1%,10,"Humanities,Politics",,,
accusing.rentals,available,62,1%,8,Law,,,
longdozen.rentals,available,62,2%,10,Mathematics,,,
aborigine.rentals,available,62,1%,9,Humanities,,,
pungent.rentals,available,62,1%,7,Food and Beverage,,,
roughly.rentals,available,62,3%,7,"Business,Media,Technology",,,
abo.rentals,available,62,15%,3,Science,,,
quartet.rentals,available,62,7%,7,"Arts,Entertainment",,,
exculpated.rentals,available,62,1%,10,"Humanities,Law,Politics",,,
cumulative.rentals,available,62,2%,10,"Banking,Finance,Insurance",,,
playacting.rentals,available,62,1%,10,Entertainment,,,
aufait.rentals,available,62,3%,7,"Fashion,Media",,,
admissible.rentals,available,62,1%,10,"Education,Healthcare,Law",,,
wrapped.rentals,available,62,13%,7,"Fashion,Hospitality,Retail",,,
fortyfour.rentals,available,62,6%,10,Mathematics,,,
adjuvant.rentals,available,62,5%,8,"Healthcare,Manufacturing,Technology",,,
eleventh.rentals,available,62,5%,8,Mathematics,,,
troika.rentals,available,62,8%,6,Politics,,,
aboveboard.rentals,available,60,5%,10,"Business,Law",,,
cxxv.rentals,available,60,1%,4,Mathematics,,,
clxx.rentals,available,60,3%,4,Mathematics,,,
cxv.rentals,available,60,4%,3,Mathematics,,,
clxv.rentals,available,60,1%,4,Mathematics,,,
adnexal.rentals,available,60,1%,7,"Agriculture,Manufacturing,Retail",,,
sixty.rentals,available,60,13%,5,Mathematics,,,
adnate.rentals,available,60,1%,6,"Agriculture,Manufacturing,Retail",,,
cxxx.rentals,available,60,4%,4,Mathematics,,,
tertiary.rentals,available,60,4%,8,Education,,,
idolised.rentals,available,60,1%,8,"Entertainment,Fashion,Retail",,,
clxxx.rentals,available,60,1%,5,Mathematics,,,
cautionary.rentals,available,60,1%,10,"Business,Education,Healthcare",,,
eightysix.rentals,available,60,7%,10,Mathematics,,,
cxxxv.rentals,available,60,2%,5,Mathematics,,,
abashed.rentals,available,60,1%,7,Humanities,,,
paunchy.rentals,available,60,0%,7,"Health and Fitness,Medicine",,,
idolized.rentals,available,60,3%,8,"Entertainment,Fashion,Retail",,,
cxl.rentals,available,60,7%,3,Mathematics,,,
thou.rentals,available,60,7%,4,Mathematics,,,
acceptive.rentals,available,60,1%,9,"Education,Healthcare",,,
cxlv.rentals,available,60,2%,4,Mathematics,,,
clx.rentals,available,60,10%,3,Mathematics,,,
xcl.rentals,available,60,5%,3,Mathematics,,,
annexal.rentals,available,60,1%,7,"Agriculture,Manufacturing,Retail",,,
cxx.rentals,available,60,10%,3,Mathematics,,,
abstainer.rentals,available,60,0%,9,"Health and Fitness,Religion",,,
octet.rentals,available,60,12%,5,Arts,,,
clxxv.rentals,available,60,1%,5,Mathematics,,,
abstemious.rentals,available,60,0%,10,"Food and Beverage,Health and Fitness,Hospitality",,,
tercet.rentals,available,59,2%,6,"Arts,Entertainment,Media",,,
ache.rentals,available,58,7%,4,Healthcare,,,
seventy.rentals,available,58,7%,7,Mathematics,,,
enwrapped.rentals,available,58,0%,9,"Entertainment,Fashion,Media",,,
lxxviii.rentals,available,58,1%,7,Mathematics,,,
fourth.rentals,available,58,13%,6,Mathematics,,,
acyclic.rentals,available,58,4%,7,"Engineering,Mathematics,Science",,,
sixtyone.rentals,available,58,3%,9,Mathematics,,,
tetrad.rentals,available,58,5%,6,Mathematics,,,
adient.rentals,available,58,4%,6,"Medicine,Science",,,
acetic.rentals,available,58,1%,6,"Food and Beverage,Science",,,
abuzz.rentals,available,58,5%,5,"Entertainment,Media,Technology",,,
centesimal.rentals,available,58,1%,10,Mathematics,,,
alacarte.rentals,available,58,11%,10,Food and Beverage,,,
pentad.rentals,available,58,2%,6,Mathematics,,,
accretive.rentals,available,58,6%,9,"Banking,Finance,Insurance",,,
closeto.rentals,available,58,3%,8,"Business,Media,Technology",,,
adhoc.rentals,available,58,24%,6,"Business,Engineering,Technology",,,
lxxx.rentals,available,58,2%,4,Mathematics,,,
heptad.rentals,available,58,1%,6,Mathematics,,,
accoutred.rentals,available,58,1%,9,"Fashion,Manufacturing,Retail",,,
abused.rentals,available,58,5%,6,"Healthcare,Law",,,
cypher.rentals,available,58,29%,6,Mathematics,,,
addressed.rentals,available,58,3%,9,"Business,Technology,Telecommunications",,,
offhanded.rentals,available,58,1%,9,Entertainment,,,
niner.rentals,available,58,5%,5,Mathematics,,,
addible.rentals,available,58,2%,7,"Engineering,Mathematics,Science",,,
sextuplet.rentals,available,58,1%,9,Healthcare,,,
octad.rentals,available,58,5%,5,Mathematics,,,
linear.rentals,available,58,22%,6,"Engineering,Mathematics,Science",,,
sixer.rentals,available,58,5%,5,Sports,,,
aucourant.rentals,available,58,3%,10,"Fashion,Media",,,
adjustive.rentals,available,58,1%,9,"Manufacturing,Retail,Technology",,,
actuarial.rentals,available,58,8%,9,"Finance,Insurance,Mathematics",,,
eighter.rentals,available,58,2%,7,Mathematics,,,
accented.rentals,available,58,3%,8,"Arts,Entertainment",,,
fourscore.rentals,available,58,4%,9,Mathematics,,,
justabout.rentals,available,58,3%,10,"Business,Media,Technology",,,
hexad.rentals,available,58,4%,5,Mathematics,,,
abandoned.rentals,available,58,10%,9,"Construction,Real Estate",,,
twelfth.rentals,available,58,2%,7,Mathematics,,,
fifth.rentals,available,58,12%,5,Mathematics,,,
quintet.rentals,available,58,8%,7,"Arts,Entertainment",,,
abridged.rentals,available,58,4%,8,Media,,,
fortynine.rentals,available,56,3%,10,Mathematics,,,
triad.rentals,available,56,15%,5,Arts,,,
xxxiv.rentals,available,56,1%,5,Mathematics,,,
potbellied.rentals,available,56,0%,10,"Health and Fitness,Medicine",,,
admissive.rentals,available,56,1%,9,"Education,Healthcare,Hospitality",,,
halfdozen.rentals,available,56,1%,10,Mathematics,,,
xlvii.rentals,available,56,2%,5,Mathematics,,,
fiftyfive.rentals,available,56,7%,10,Mathematics,,,
thirtyone.rentals,available,56,5%,10,Mathematics,,,
thirtysix.rentals,available,56,5%,10,Mathematics,,,
fortyone.rentals,available,56,4%,9,Mathematics,,,
xxxviii.rentals,available,56,1%,7,Mathematics,,,
xli.rentals,available,56,5%,3,Mathematics,,,
lviii.rentals,available,56,1%,5,Mathematics,,,
xxix.rentals,available,56,4%,4,Mathematics,,,
xxvii.rentals,available,56,3%,5,Mathematics,,,
lvii.rentals,available,56,1%,4,Mathematics,,,
thirtytwo.rentals,available,56,5%,10,Mathematics,,,
xxxiii.rentals,available,56,2%,6,Mathematics,,,
fiftytwo.rentals,available,56,6%,9,Mathematics,,,
fiftyfour.rentals,available,56,3%,10,Mathematics,,,
xxiii.rentals,available,56,5%,5,Mathematics,,,
addled.rentals,available,56,2%,6,Entertainment,,,
xxxv.rentals,available,56,4%,4,Mathematics,,,
xlv.rentals,available,56,6%,3,Mathematics,,,
appressed.rentals,available,56,0%,9,"Agriculture,Manufacturing,Retail",,,
accoutered.rentals,available,56,0%,10,"Fashion,Manufacturing,Retail",,,
xliii.rentals,available,56,1%,5,Mathematics,,,
xlii.rentals,available,56,5%,4,Mathematics,,,
xxxvii.rentals,available,56,2%,6,Mathematics,,,
abeyant.rentals,available,56,1%,7,"Business,Law",,,
lvi.rentals,available,56,8%,3,Mathematics,,,
fiftyone.rentals,available,56,7%,9,Mathematics,,,
admittible.rentals,available,56,1%,10,"Education,Healthcare,Hospitality",,,
abdominous.rentals,available,56,0%,10,"Health and Fitness,Medicine",,,
xxxii.rentals,available,56,1%,5,Mathematics,,,
xxviii.rentals,available,56,1%,6,Mathematics,,,
lii.rentals,available,56,7%,3,Mathematics,,,
xliv.rentals,available,56,2%,4,Mathematics,,,
liii.rentals,available,56,4%,4,Mathematics,,,
xxxvi.rentals,available,56,1%,5,Mathematics,,,
ilx.rentals,available,56,5%,3,Mathematics,,,
terzetto.rentals,available,56,3%,8,Arts,,,
xlvi.rentals,available,56,3%,4,Mathematics,,,
xxiv.rentals,available,56,5%,4,Mathematics,,,
xlviii.rentals,available,56,1%,6,Mathematics,,,
xxxi.rentals,available,56,9%,4,Mathematics,,,
fortysix.rentals,available,56,3%,9,Mathematics,,,
aone.rentals,available,56,15%,5,Food and Beverage,,,
fiftysix.rentals,available,56,4%,9,Mathematics,,,
fiftynine.rentals,available,56,4%,10,Mathematics,,,
fortytwo.rentals,available,56,17%,9,Mathematics,,,
maledict.rentals,available,56,1%,8,Religion,,,
admittable.rentals,available,56,1%,10,"Education,Healthcare,Hospitality",,,
twoscore.rentals,available,54,2%,8,Mathematics,,,
adpressed.rentals,available,54,0%,9,"Agriculture,Manufacturing,Retail",,,
adjuratory.rentals,available,54,0%,10,"Law,Politics,Religion",,,
abducens.rentals,available,54,1%,8,Medicine,,,
deuceace.rentals,available,54,2%,9,Sports,,,
adducent.rentals,available,54,1%,8,"Engineering,Mathematics,Science",,,
abatable.rentals,available,54,1%,8,Law,,,
fortyfive.rentals,available,54,4%,10,Mathematics,,,
quintuplet.rentals,available,54,1%,10,"Healthcare,Medicine,Science",,,
adducting.rentals,available,54,1%,9,"Engineering,Mathematics,Science",,,
abhorrent.rentals,available,54,1%,9,Humanities,,,
ternion.rentals,available,54,3%,7,Mathematics,,,
deserted.rentals,available,54,3%,8,"Hospitality,Real Estate",,,
quatern.rentals,available,54,2%,7,Mathematics,,,
aboral.rentals,available,54,2%,6,Science,,,
quaternion.rentals,available,54,6%,10,Mathematics,,,
monitory.rentals,available,54,3%,8,"Business,Education,Healthcare",,,
actuated.rentals,available,54,2%,8,"Automotive,Manufacturing,Technology",,,
quaternity.rentals,available,54,4%,10,Mathematics,,,
abasic.rentals,available,54,1%,6,Science,,,
accentual.rentals,available,54,3%,9,"Arts,Entertainment",,,
acoustical.rentals,available,54,4%,10,Science,,,
viii.rentals,available,54,6%,4,Mathematics,,,
abient.rentals,available,54,1%,6,Science,,,
iii.rentals,available,54,24%,3,Mathematics,,,
admonitory.rentals,available,54,0%,10,"Business,Education,Healthcare",,,
abatic.rentals,available,54,1%,6,Science,,,
vii.rentals,available,54,13%,3,Mathematics,,,
topnotch.rentals,available,54,18%,8,Business,,,
achromatic.rentals,available,54,4%,10,Science,,,
adductive.rentals,available,54,0%,9,"Engineering,Mathematics,Science",,,
fin.rentals,available,54,30%,3,Finance,,,
unnatural.rentals,available,54,4%,9,"Medicine,Science",,,
achy.rentals,available,54,3%,4,Healthcare,,,
quadruplet.rentals,available,54,1%,10,"Healthcare,Medicine,Science",,,
threescore.rentals,available,54,1%,10,Mathematics,,,
adaxial.rentals,available,54,2%,7,Science,,,
abaxial.rentals,available,54,1%,7,Science,,,
sise.rentals,available,54,5%,4,Mathematics,,,
accursed.rentals,available,54,3%,8,"Entertainment,Media,Religion",,,
scratchy.rentals,available,54,3%,8,Fashion,,,
xxx.rentals,available,53,30%,3,"Arts,Entertainment,Media",,,
sestet.rentals,available,53,1%,6,Arts,,,
septet.rentals,available,53,1%,6,General,,,
sixtyfive.rentals,available,52,3%,10,Mathematics,,,
lxxxii.rentals,available,52,1%,6,Mathematics,,,
lxxiii.rentals,available,52,1%,6,Mathematics,,,
adenoidal.rentals,available,52,1%,9,"Health and Fitness,Medicine,Science",,,
uphill.rentals,available,52,7%,6,"Sports,Transportation,Travel",,,
ninetytwo.rentals,available,52,4%,10,Mathematics,,,
abominable.rentals,available,52,2%,10,"Entertainment,Humanities",,,
aboulic.rentals,available,52,1%,7,Medicine,,,
xci.rentals,available,52,4%,3,Mathematics,,,
repugnant.rentals,available,52,1%,9,Humanities,,,
ninetysix.rentals,available,52,4%,10,Mathematics,,,
lxvii.rentals,available,52,1%,5,Mathematics,,,
lxiv.rentals,available,52,3%,4,Mathematics,,,
lxxvi.rentals,available,52,1%,5,Mathematics,,,
odious.rentals,available,52,2%,6,"Entertainment,Humanities",,,
lxxxi.rentals,available,52,1%,5,Mathematics,,,
lxiii.rentals,available,52,2%,5,Mathematics,,,
ablated.rentals,available,52,1%,7,Science,,,
lxxxiv.rentals,available,52,1%,6,Mathematics,,,
repulsive.rentals,available,52,1%,9,Humanities,,,
lxxv.rentals,available,52,1%,4,Mathematics,,,
decumbent.rentals,available,52,1%,9,"Healthcare,Medicine,Science",,,
tierce.rentals,available,52,3%,6,General,,,
xcvi.rentals,available,52,2%,4,Mathematics,,,
xcviii.rentals,available,52,1%,6,Mathematics,,,
sixtytwo.rentals,available,52,3%,9,Mathematics,,,
eightytwo.rentals,available,52,4%,10,Mathematics,,,
lxv.rentals,available,52,5%,3,Mathematics,,,
sixtyfour.rentals,available,52,3%,10,Mathematics,,,
lxxxv.rentals,available,52,1%,5,Mathematics,,,
lxxxvii.rentals,available,52,1%,7,Mathematics,,,
abusive.rentals,available,52,3%,7,"Healthcare,Law",,,
abstruse.rentals,available,52,5%,8,"Humanities,Mathematics,Science",,,
xcvii.rentals,available,52,1%,5,Mathematics,,,
lxxxiii.rentals,available,52,1%,7,Mathematics,,,
xciii.rentals,available,52,1%,5,Mathematics,,,
abysmal.rentals,available,52,4%,7,"Arts,Entertainment,Media",,,
xcii.rentals,available,52,2%,4,Mathematics,,,
ninetyone.rentals,available,52,5%,10,Mathematics,,,
xcv.rentals,available,52,7%,3,Mathematics,,,
sixtysix.rentals,available,52,4%,9,Mathematics,,,
lxxvii.rentals,available,52,2%,6,Mathematics,,,
lxxiv.rentals,available,52,1%,5,Mathematics,,,
xciv.rentals,available,52,2%,4,Mathematics,,,
eightyone.rentals,available,52,3%,10,Mathematics,,,
lxxi.rentals,available,52,1%,4,Mathematics,,,
chagrined.rentals,available,52,1%,9,Humanities,,,
lxvi.rentals,available,52,3%,4,Mathematics,,,
lxxxvi.rentals,available,52,1%,6,Mathematics,,,
lxii.rentals,available,52,1%,4,Mathematics,,,
lxi.rentals,available,52,5%,3,Mathematics,,,
lxxii.rentals,available,52,1%,5,Mathematics,,,
lxviii.rentals,available,52,1%,6,Mathematics,,,
ixc.rentals,available,52,5%,3,Mathematics,,,
detestable.rentals,available,52,1%,10,Humanities,,,
littlejoe.rentals,available,52,2%,10,"Entertainment,Media",,,
ixl.rentals,available,52,9%,3,Mathematics,,,
broached.rentals,available,50,0%,8,Food and Beverage,,,
abomasal.rentals,available,50,0%,8,Agriculture,,,
acquitted.rentals,available,50,1%,9,Law,,,
acapnic.rentals,available,50,0%,7,"Healthcare,Medicine,Science",,,
acerose.rentals,available,50,1%,7,Science,,,
aculeated.rentals,available,50,0%,9,"Engineering,Medicine,Science",,,
aborticide.rentals,available,50,0%,10,Medicine,,,
abducting.rentals,available,50,0%,9,Medicine,,,
scummy.rentals,available,50,1%,6,Humanities,,,
trine.rentals,available,50,11%,5,"General,Religion",,,
cinque.rentals,available,50,7%,6,Mathematics,,,
adactylous.rentals,available,50,0%,10,Science,,,
abactinal.rentals,available,50,0%,9,Science,,,
acapnotic.rentals,available,50,0%,9,"Healthcare,Medicine,Science",,,
abranchial.rentals,available,50,0%,10,Science,,,
needlelike.rentals,available,50,0%,10,"Engineering,Medicine,Science",,,
acaudal.rentals,available,50,1%,7,"Agriculture,Science",,,
spinous.rentals,available,50,1%,7,"Agriculture,Science",,,
vinegary.rentals,available,50,1%,8,Food and Beverage,,,
abbatial.rentals,available,50,0%,8,Religion,,,
gillless.rentals,available,50,0%,9,Science,,,
lxx.rentals,available,50,5%,3,Mathematics,,,
quint.rentals,available,50,13%,5,"Arts,Entertainment",,,
acerbic.rentals,available,50,2%,7,"Arts,Humanities,Media",,,
ogdoad.rentals,available,50,1%,6,Mathematics,,,
abdicable.rentals,available,50,0%,9,Law,,,
acerb.rentals,available,50,2%,5,Science,,,
acetous.rentals,available,50,1%,7,Science,,,
triplet.rentals,available,50,8%,7,Science,,,
adhominem.rentals,available,50,2%,10,"Humanities,Law,Politics",,,
acellular.rentals,available,50,1%,9,Science,,,
acetose.rentals,available,50,1%,7,Science,,,
apriori.rentals,available,48,13%,8,Mathematics,,,
abstracted.rentals,available,48,5%,10,"Arts,Humanities,Science",,,
ilxx.rentals,available,48,1%,4,Mathematics,,,
abyssal.rentals,available,48,12%,7,"Arts,Entertainment,Media",,,
notguilty.rentals,available,48,5%,10,Law,,,
execrable.rentals,available,48,0%,9,"Entertainment,Humanities",,,
lxxxviii.rentals,available,48,1%,8,Mathematics,,,
ilxxx.rentals,available,48,1%,5,Mathematics,,,
acetylenic.rentals,available,46,1%,10,Science,,,
acarpous.rentals,available,46,0%,8,"Agriculture,Science",,,
acetonic.rentals,available,46,1%,8,Science,,,
acanthoid.rentals,available,46,1%,9,"Agriculture,Science",,,
acaudate.rentals,available,46,1%,8,"Agriculture,Science",,,
acapnial.rentals,available,46,0%,8,"Healthcare,Medicine,Science",,,
vinegarish.rentals,available,46,1%,10,Food and Beverage,,,
quaternary.rentals,available,46,3%,10,Mathematics,,,
acephalous.rentals,available,46,1%,10,Science,,,
theabsurd.rentals,available,46,1%,10,"Arts,Entertainment,Media",,,
acarpelous.rentals,available,46,0%,10,"Agriculture,Science",,,
achromous.rentals,available,46,1%,9,Science,,,
cotyloid.rentals,available,46,1%,8,Science,,,
acheronian.rentals,available,46,1%,10,Humanities,,,
acanthous.rentals,available,46,0%,9,"Agriculture,Science",,,
acetylic.rentals,available,46,1%,8,Science,,,
acanthotic.rentals,available,46,0%,10,"Agriculture,Science",,,
stemless.rentals,available,46,2%,8,"Agriculture,Science",,,
stripling.rentals,available,46,2%,9,"Education,Entertainment,Healthcare",,,
achromic.rentals,available,46,2%,8,Science,,,
acicular.rentals,available,46,2%,8,Science,,,
acetabular.rentals,available,46,1%,10,Science,,,
achenial.rentals,available,46,1%,8,Science,,,
cotyloidal.rentals,available,44,1%,10,Science,,,
acherontic.rentals,available,44,1%,10,Humanities,,,
accusatory.rentals,available,44,1%,10,Law,,,
abscessed.rentals,available,41,0%,9,Healthcare,,,
phoebe.rentals,available,41,14%,6,Science,,,
accusive.rentals,available,40,1%,8,Law,,,
accurst.rentals,available,40,1%,7,Religion,,,
scurrilous.rentals,available,40,1%,10,"Entertainment,Media,Politics",,,